CHROM,POS,REF,ALT,TYPE,IMPACT,NAME
1,3584313,CAA,C,intron_variant,MODIFIER,TP73
1,3798806,G,GT,intron_variant,MODIFIER,DFFB
1,5203666,CA,C,intergenic_region,MODIFIER,AJAP1-MIR4689
1,5220280,TAC,T,intergenic_region,MODIFIER,AJAP1-MIR4689
1,6669184,CAA,C,upstream_gene_variant,MODIFIER,PHF13
1,10718053,CT,C,intron_variant,MODIFIER,CASZ1
1,11448549,CTTTTTT,C,intergenic_region,MODIFIER,UBIAD1-DISP3
1,16310973,TG,T,intergenic_region,MODIFIER,ZBTB17-SRARP
1,17334045,CTTTTTTT,C,intron_variant,MODIFIER,ATP13A2
1,20042658,T,TTTATTA,intron_variant,MODIFIER,TMCO4
1,20918342,G,GT,intron_variant,MODIFIER,CDA
1,21667435,C,CG,intron_variant,MODIFIER,ECE1
1,21668421,GC,G,intron_variant,MODIFIER,ECE1
1,27880276,T,TA,intron_variant,MODIFIER,AHDC1
1,31562856,AGGCCAGG,A,intergenic_region,MODIFIER,PUM1-NKAIN1
1,32009283,GA,G,intergenic_region,MODIFIER,LINC01226-TINAGL1
1,32009296,G,GT,intergenic_region,MODIFIER,LINC01226-TINAGL1
1,39504547,CA,C,downstream_gene_variant,MODIFIER,NDUFS5
1,42851388,CTCTTTCTTTCTTTCTT,C,intron_variant,MODIFIER,RIMKLA
1,42851442,GTTTC,G,intron_variant,MODIFIER,RIMKLA
1,46276838,CTTT,C,intron_variant,MODIFIER,MAST2
1,50324639,G,GACTGCGCC,intron_variant,MODIFIER,AGBL4
1,57413448,C,CA,intron_variant,MODIFIER,C8B
1,61464071,CAG,C,intergenic_region,MODIFIER,NFIA-AS2-NFIA
1,61945804,C,CA,intergenic_region,MODIFIER,NFIA-MGC34796
1,62744230,A,AT,intron_variant,MODIFIER,KANK4
1,67868236,T,TCACA,intergenic_region,MODIFIER,IL12RB2-SERBP1
1,68283833,AG,A,intron_variant,MODIFIER,GNG12
1,70351278,GT,G,intron_variant,MODIFIER,LRRC7
1,70760318,CT,C,intron_variant,MODIFIER,ANKRD13C
1,75185184,AT,A,intron_variant,MODIFIER,CRYZ
1,79766906,ATTC,A,intergenic_region,MODIFIER,ADGRL4-LINC01781
1,81709844,CT,C,intergenic_region,MODIFIER,LINC01781-ADGRL2
1,82051549,AAC,A,intron_variant,MODIFIER,ADGRL2
1,83216637,G,GA,intergenic_region,MODIFIER,ADGRL2-LINC01362
1,88834797,GA,G,intergenic_region,MODIFIER,LINC01364-PKN2-AS1
1,92193823,TAA,T,intron_variant,MODIFIER,TGFBR3
1,92339506,CA,C,intron_variant,MODIFIER,TGFBR3
1,93288725,TA,T,intergenic_region,MODIFIER,EVI5-RPL5
1,95636186,TA,T,intron_variant,MODIFIER,TLCD4
1,97212258,G,GAAAAA,intron_variant,MODIFIER,PTBP2
1,104977427,A,ATTTTG,intergenic_region,MODIFIER,LOC100129138-LINC01676
1,118318106,CTTAAAA,C,intergenic_region,MODIFIER,TENT5C-GDAP2
1,119613228,AG,A,intron_variant,MODIFIER,WARS2
1,150616170,G,GGCCA,downstream_gene_variant,MODIFIER,GOLPH3L
1,159931946,CAA,C,intron_variant,MODIFIER,LINC01133
1,166385251,ATCTTC,A,intergenic_region,MODIFIER,FAM78B-LINC01675
1,170746699,CT,C,intergenic_region,MODIFIER,PRRX1-MROH9
1,179083074,A,AT,intron_variant,MODIFIER,ABL2
1,179861482,A,AC,intron_variant,MODIFIER,TOR1AIP1
1,179861612,C,CA,intron_variant,MODIFIER,TOR1AIP1
1,180404550,ATTT,A,downstream_gene_variant,MODIFIER,MIR3121
1,181146085,CAAA,C,intron_variant,MODIFIER,LINC01732
1,186014385,TC,T,intron_variant,MODIFIER,HMCN1
1,187220970,ATT,A,intron_variant,MODIFIER,LINC01036
1,198102507,A,AAAAACAAAAC,intergenic_region,MODIFIER,LHX9-NEK7
1,199949095,A,AAT,intergenic_region,MODIFIER,LINC02789-NR5A2
1,208977661,TG,T,intergenic_region,MODIFIER,LINC01717-LINC01774
1,210817272,C,CTT,intron_variant,MODIFIER,HHAT
1,213440245,TCAAACAAACAAA,T,intron_variant,MODIFIER,RPS6KC1
1,214769381,TA,T,intergenic_region,MODIFIER,PTPN14-CENPF
1,214907658,TTC,T,intergenic_region,MODIFIER,CENPF-KCNK2
1,216060202,A,AT,intron_variant,MODIFIER,USH2A
1,226899139,AGAGAGTGTGT,A,intron_variant,MODIFIER,ITPKB
1,229151991,T,TA,intergenic_region,MODIFIER,RHOU-MIR4454
1,230589876,AT,A,intergenic_region,MODIFIER,PGBD5-LINC01737
1,232983579,TAG,T,intergenic_region,MODIFIER,MAP10-NTPCR
1,233481472,TATA,T,intron_variant,MODIFIER,MAP3K21
1,235829907,T,TACACAC,intron_variant,MODIFIER,LYST
1,244135076,CT,C,intron_variant,MODIFIER,LINC02774
2,1582977,AT,A,intergenic_region,MODIFIER,TPO-PXDN
2,1583098,GC,G,intergenic_region,MODIFIER,TPO-PXDN
2,9700615,C,CTT,upstream_gene_variant,MODIFIER,ADAM17
2,13245510,C,CACAT,intergenic_region,MODIFIER,LOC100506474-LINC00276
2,17611950,TTTG,T,intergenic_region,MODIFIER,FAM49A-RAD51AP2
2,18480514,CT,C,intergenic_region,MODIFIER,KCNS3-RDH14
2,20079358,TC,T,non_coding_transcript_exon_variant,MODIFIER,LINC00954
2,23743863,C,CCG,intron_variant,MODIFIER,KLHL29
2,24601178,CT,C,intergenic_region,MODIFIER,ITSN2-NCOA1
2,24871148,A,AT,intron_variant,MODIFIER,NCOA1
2,26516176,C,CT,downstream_gene_variant,MODIFIER,HADHB
2,30513718,TATC,T,intergenic_region,MODIFIER,LBH-LINC01936
2,32174961,A,AAT,intron_variant,MODIFIER,MEMO1
2,38945338,C,CTT,intron_variant,MODIFIER,GALM
2,41967110,TA,T,intergenic_region,MODIFIER,SLC8A1-LINC01913
2,42157289,TAA,T,downstream_gene_variant,MODIFIER,LINC01914
2,43073492,G,GTCTTTCTT,intergenic_region,MODIFIER,HAAO-LINC01819
2,43449809,G,GA,3_prime_UTR_variant,MODIFIER,ZFP36L2
2,47596853,C,CG,intron_variant,MODIFIER,EPCAM
2,47606514,CTG,C,downstream_gene_variant,MODIFIER,MIR559
2,47614203,CT,C,downstream_gene_variant,MODIFIER,EPCAM
2,47635523,CT,C,splice_region_variant&intron_variant,LOW,MSH2
2,47639846,CT,C,intron_variant,MODIFIER,MSH2
2,47641559,TAAAA,T,intron_variant,MODIFIER,MSH2
2,47641746,CT,C,intron_variant,MODIFIER,MSH2
2,47643746,G,GT,intron_variant,MODIFIER,MSH2
2,47657196,CT,C,intron_variant,MODIFIER,MSH2
2,47672395,AGTCATAATTAAT,A,intron_variant,MODIFIER,MSH2
2,47702451,GT,G,intron_variant,MODIFIER,MSH2
2,47705104,ATTTTTT,"A,ATTTT",intron_variant,MODIFIER,MSH2
2,48018293,TTG,T,intron_variant,MODIFIER,MSH6
2,48023223,AGTT,A,intron_variant,MODIFIER,MSH6
2,48028500,GTTTTTTTTT,"G,GTTTTTTTTTTTTT",intron_variant,MODIFIER,MSH6
2,48032322,CT,C,downstream_gene_variant,MODIFIER,FBXO11
2,48032740,AT,A,splice_region_variant&intron_variant,LOW,MSH6
2,48032874,ACTAT,A,downstream_gene_variant,MODIFIER,FBXO11
2,48033890,C,CTT,downstream_gene_variant,MODIFIER,FBXO11
2,61813618,CA,C,intergenic_region,MODIFIER,XPO1-FAM161A
2,71389820,A,AG,intergenic_region,MODIFIER,MPHOSPH10-PAIP2B
2,71389839,TA,T,intergenic_region,MODIFIER,MPHOSPH10-PAIP2B
2,85457692,AGG,A,intron_variant,MODIFIER,TCF7L1
2,86150130,T,TTTTG,intergenic_region,MODIFIER,ST3GAL5-AS1-POLR1A
2,86836507,AT,A,intron_variant,MODIFIER,RNF103-CHMP3
2,91798946,C,CCTCTCTCT,intergenic_region,MODIFIER,MIR4436A-LOC107985911
2,92145698,CT,C,intergenic_region,MODIFIER,ACTR3BP2-FAM95A
2,106954032,C,CT,intergenic_region,MODIFIER,UXS1-LOC402096
2,109252100,GA,G,intron_variant,MODIFIER,LIMS1
2,113684930,A,ATTT,intergenic_region,MODIFIER,IL37-IL36G
2,115657378,CA,C,intron_variant,MODIFIER,DPP10
2,116216736,AT,A,intron_variant,MODIFIER,DPP10
2,118720049,A,AT,intron_variant,MODIFIER,CCDC93
2,123242063,A,ACACT,intergenic_region,MODIFIER,TSN-LINC01826
2,132170459,CAA,C,downstream_gene_variant,MODIFIER,LINC01120
2,138640185,A,AG,intron_variant,MODIFIER,LOC101928273
2,141897350,ATG,A,intron_variant,MODIFIER,LRP1B
2,154730385,GTC,G,intron_variant,MODIFIER,GALNT13
2,160875144,A,AAAAC,intron_variant,MODIFIER,PLA2R1
2,171041561,TCTC,T,intron_variant,MODIFIER,MYO3B
2,173724921,GT,G,5_prime_UTR_variant,MODIFIER,RAPGEF4
2,174179058,T,TG,intergenic_region,MODIFIER,MAP3K20-AS1-CDCA7
2,177371846,AT,A,intergenic_region,MODIFIER,MTX2-MIR1246
2,182835766,CA,C,intron_variant,MODIFIER,PPP1R1C
2,185502403,A,ATACATTCTTCTCTCTATT,intron_variant,MODIFIER,ZNF804A
2,187989928,AAAAT,A,intergenic_region,MODIFIER,ZSWIM2-CALCRL
2,190494568,A,ATTTTGT,intergenic_region,MODIFIER,SLC40A1-ASDURF
2,194375623,G,GT,intergenic_region,MODIFIER,PCGEM1-LINC01821
2,195221395,GAAC,G,intron_variant,MODIFIER,LINC01821
2,196547879,C,CT,intron_variant,MODIFIER,SLC39A10
2,197859239,C,CT,intron_variant,MODIFIER,ANKRD44
2,200502849,AT,A,intron_variant,MODIFIER,LINC01877
2,201026088,A,AAAAAT,intergenic_region,MODIFIER,MAIP1-SPATS2L
2,202863411,G,GC,intergenic_region,MODIFIER,CDK15-FZD7
2,202863415,AG,A,intergenic_region,MODIFIER,CDK15-FZD7
2,206154084,C,CA,intron_variant,MODIFIER,PARD3B
2,207031116,CTT,C,downstream_gene_variant,MODIFIER,EEF1B2
2,207031175,CTTTT,C,downstream_gene_variant,MODIFIER,EEF1B2
2,210513512,CA,C,intron_variant,MODIFIER,MAP2
2,215593261,C,CT,3_prime_UTR_variant,MODIFIER,BARD1
2,215616840,ATTATT,A,intron_variant,MODIFIER,BARD1
2,215632035,A,AAGAG,intron_variant,MODIFIER,BARD1
2,215632124,ATT,A,intron_variant,MODIFIER,BARD1
2,215632703,G,GA,intron_variant,MODIFIER,BARD1
2,215656874,T,TA,intron_variant,MODIFIER,BARD1
2,215657182,TA,T,intron_variant,MODIFIER,BARD1
2,216296730,A,AT,intron_variant,MODIFIER,FN1
2,218570485,G,GA,intron_variant,MODIFIER,DIRC3
2,220937837,GCATCCTTAAC,G,intergenic_region,MODIFIER,MIR4268-EPHA4
2,222598596,T,TTGTGTG,intergenic_region,MODIFIER,EPHA4-PAX3
2,225645615,T,TA,intron_variant,MODIFIER,DOCK10
2,226611767,GAAGT,G,intergenic_region,MODIFIER,NYAP2-LOC646736
2,230279878,CA,C,intron_variant,MODIFIER,DNER
2,232439928,C,CT,intergenic_region,MODIFIER,NMUR1-TEX44
2,232595968,C,CTAAA,downstream_gene_variant,MODIFIER,PDE6D
2,236315701,T,TA,intergenic_region,MODIFIER,SH3BP4-AGAP1
2,242203776,CAA,C,intron_variant,MODIFIER,HDLBP
3,3012677,GC,G,intron_variant,MODIFIER,CNTN4
3,5952772,T,TC,intergenic_region,MODIFIER,MIR4790-GRM7-AS3
3,5952773,T,TTTTC,intergenic_region,MODIFIER,MIR4790-GRM7-AS3
3,11345142,T,TA,intron_variant,MODIFIER,ATG7
3,13454969,CA,C,intron_variant,MODIFIER,NUP210
3,14173718,GC,G,intron_variant,MODIFIER,TMEM43
3,16461210,A,AT,intron_variant,MODIFIER,RFTN1
3,24013196,C,CCTTTA,intron_variant,MODIFIER,NR1D2
3,24013250,G,GAC,intron_variant,MODIFIER,NR1D2
3,36924781,CA,C,intron_variant,MODIFIER,TRANK1
3,37042295,C,CA,intron_variant,MODIFIER,MLH1
3,37048292,CA,C,intron_variant,MODIFIER,MLH1
3,37055674,G,GGTGGGTGA,intron_variant,MODIFIER,MLH1
3,37055712,T,TGGGA,intron_variant,MODIFIER,MLH1
3,37083407,G,GA,intron_variant,MODIFIER,MLH1
3,37089840,CT,C,downstream_gene_variant,MODIFIER,LRRFIP2
3,37208003,TA,T,intron_variant,MODIFIER,LRRFIP2
3,45609926,CT,C,intergenic_region,MODIFIER,LARS2-LIMD1
3,53306874,G,GA,intergenic_region,MODIFIER,TKT-DCP1A
3,57991929,C,CTTT,upstream_gene_variant,MODIFIER,FLNB
3,57991981,A,AATGGCGCG,upstream_gene_variant,MODIFIER,FLNB
3,59400221,GC,G,intergenic_region,MODIFIER,C3orf67-LOC339902
3,67973972,C,CTAAAG,intron_variant,MODIFIER,SUCLG2-AS1
3,76954094,T,TA,intergenic_region,MODIFIER,ZNF717-ROBO2
3,85339986,GA,G,intron_variant,MODIFIER,CADM2
3,102033279,A,ATG,intergenic_region,MODIFIER,LOC101929411-ZPLD1
3,102033309,A,ATGTGTGTGTG,intergenic_region,MODIFIER,LOC101929411-ZPLD1
3,109449355,GC,G,intergenic_region,MODIFIER,MIR4445-NECTIN3-AS1
3,109864784,GT,G,intergenic_region,MODIFIER,MIR4445-NECTIN3-AS1
3,113882928,T,TGTG,intron_variant,MODIFIER,DRD3
3,114640720,CAT,C,intron_variant,MODIFIER,ZBTB20
3,115074434,A,AT,intergenic_region,MODIFIER,ZBTB20-GAP43
3,116939907,AT,A,intergenic_region,MODIFIER,LINC00901-LINC02024
3,123331663,G,GA,3_prime_UTR_variant,MODIFIER,MYLK
3,123976832,AG,A,intron_variant,MODIFIER,KALRN
3,127660469,GC,G,intron_variant,MODIFIER,KBTBD12
3,130714481,T,TTTTA,intron_variant,MODIFIER,ATP2C1
3,133384311,CAA,C,upstream_gene_variant,MODIFIER,TOPBP1
3,133887460,T,TG,intron_variant,MODIFIER,RYK
3,138073073,CT,C,intron_variant,MODIFIER,MRAS
3,141517296,TAC,T,intron_variant,MODIFIER,GRK7
3,148472207,AT,A,intergenic_region,MODIFIER,AGTR1-CPB1
3,152795157,C,CA,intergenic_region,MODIFIER,P2RY1-RAP2B
3,162230705,A,AT,intergenic_region,MODIFIER,OTOL1-LINC01192
3,178917088,C,CATT,intron_variant,MODIFIER,PIK3CA
3,178917762,C,CT,intron_variant,MODIFIER,PIK3CA
3,178919397,A,ATTTTTT,intron_variant,MODIFIER,PIK3CA
3,178921048,C,CT,intron_variant,MODIFIER,PIK3CA
3,178921253,G,GTAAA,intron_variant,MODIFIER,PIK3CA
3,178927848,AT,A,intron_variant,MODIFIER,PIK3CA
3,178942267,CT,C,intron_variant,MODIFIER,PIK3CA
3,178942269,ATAT,A,intron_variant,MODIFIER,PIK3CA
3,178943987,T,TACTTG,intron_variant,MODIFIER,PIK3CA
3,180651766,TG,T,intron_variant,MODIFIER,FXR1
3,183335377,AACAC,A,intergenic_region,MODIFIER,KLHL6-KLHL24
3,184151676,AT,A,intron_variant,MODIFIER,LINC02054
3,193158806,CTA,C,intron_variant,MODIFIER,ATP13A4
3,195282932,T,TA,intergenic_region,MODIFIER,PPP1R2-APOD
4,6700486,CTTTT,C,downstream_gene_variant,MODIFIER,S100P
4,6825451,CAAA,C,intron_variant,MODIFIER,KIAA0232
4,10558700,A,AAAATAAAT,intron_variant,MODIFIER,CLNK
4,17486265,A,ATG,downstream_gene_variant,MODIFIER,QDPR
4,17486266,CAG,C,downstream_gene_variant,MODIFIER,QDPR
4,17486274,AT,A,downstream_gene_variant,MODIFIER,QDPR
4,19976842,A,ATGATATGGTTTGGATGTT,intergenic_region,MODIFIER,LCORL-SLIT2
4,33287247,C,CA,intergenic_region,MODIFIER,LINC02353-LOC101928622
4,37895221,CTT,C,intron_variant,MODIFIER,TBC1D1
4,39677714,CA,C,intergenic_region,MODIFIER,SMIM14-UBE2K
4,41673414,A,AACACACAC,intron_variant,MODIFIER,LIMCH1
4,49248980,A,AC,intergenic_region,MODIFIER,CWH43-DCUN1D4
4,53081481,T,TAC,intergenic_region,MODIFIER,SPATA18-USP46
4,53081483,TGA,T,intergenic_region,MODIFIER,SPATA18-USP46
4,55059916,CT,C,intergenic_region,MODIFIER,GSX2-PDGFRA
4,56476631,G,GA,intron_variant,MODIFIER,NMU
4,58001838,CG,C,intron_variant,MODIFIER,IGFBP7-AS1
4,63481287,AG,A,intergenic_region,MODIFIER,ADGRL3-AS1-TECRL
4,64275998,CAA,C,intergenic_region,MODIFIER,ADGRL3-AS1-TECRL
4,67639343,T,TCACA,intergenic_region,MODIFIER,MIR1269A-LOC101927237
4,70129505,G,GT,intergenic_region,MODIFIER,LOC105377267-UGT2B28
4,71056166,TA,T,intergenic_region,MODIFIER,PRR27-ODAM
4,83568499,CTT,C,intron_variant,MODIFIER,SCD5
4,84390469,G,GT,intron_variant,MODIFIER,ABRAXAS1
4,87467709,T,TAA,upstream_gene_variant,MODIFIER,MIR4452
4,88472660,T,TC,intergenic_region,MODIFIER,SPARCL1-DSPP
4,97518631,T,TA,intron_variant,MODIFIER,LINC02267
4,102476521,TAA,T,intergenic_region,MODIFIER,FLJ20021-BANK1
4,112440121,CA,C,intergenic_region,MODIFIER,MIR297-FAM241A
4,113611476,C,CA,intergenic_region,MODIFIER,LARP7-ANK2
4,117885600,T,TATCTATCTATCTATC,intergenic_region,MODIFIER,MIR1973-TRAM1L1
4,118028198,TTA,T,intergenic_region,MODIFIER,TRAM1L1-LINC02262
4,126491075,CAAAA,C,intergenic_region,MODIFIER,MIR2054-INTU
4,128975018,CT,C,intergenic_region,MODIFIER,ABHD18-LARP1B
4,129739281,CT,C,intron_variant,MODIFIER,JADE1
4,139647207,T,TTAGAG,intergenic_region,MODIFIER,LINC00499-LOC105377448
4,139991451,G,GT,intron_variant,MODIFIER,ELF2
4,159804395,G,GT,intron_variant,MODIFIER,FNIP2
4,165216599,AACAC,A,intron_variant,MODIFIER,MARCHF1
4,165976751,A,AAGGAG,intergenic_region,MODIFIER,TRIM60-TMEM192
4,166829580,T,TA,intron_variant,MODIFIER,TLL1
4,167230792,C,CGGTGCTGTGTAA,intergenic_region,MODIFIER,TLL1-SPOCK3
4,167364257,C,CA,intergenic_region,MODIFIER,TLL1-SPOCK3
4,171355132,AT,A,intergenic_region,MODIFIER,LINC01612-LINC02382
4,177708610,CAAA,C,intron_variant,MODIFIER,VEGFC
4,178709009,CT,C,intron_variant,MODIFIER,LINC01098
4,186169618,C,CA,intron_variant,MODIFIER,SNX25
4,187059398,A,AGT,intron_variant,MODIFIER,FAM149A
4,187059441,AT,A,intron_variant,MODIFIER,FAM149A
4,187842739,T,TTAA,intergenic_region,MODIFIER,FAT1-LINC02374
5,5811177,CTGTGTG,C,intergenic_region,MODIFIER,ICE1-LINC02145
5,10103734,CTTTT,C,intergenic_region,MODIFIER,LINC02112-ATPSCKMT
5,10757028,A,AGT,intron_variant,MODIFIER,DAP
5,14648167,TTTTG,T,downstream_gene_variant,MODIFIER,SNORD141A
5,16826278,TA,T,intron_variant,MODIFIER,MYO10
5,18415265,GT,G,intergenic_region,MODIFIER,LINC02223-CDH18
5,24616660,A,AT,intron_variant,MODIFIER,CDH10
5,31564793,AC,A,intergenic_region,MODIFIER,C5orf22-PDZD2
5,34501533,A,AT,intergenic_region,MODIFIER,C1QTNF3-RAI14
5,36440548,CAG,C,intergenic_region,MODIFIER,RANBP3L-SLC1A3
5,43546045,AT,A,intron_variant,MODIFIER,PAIP1
5,50108254,GC,G,intron_variant,MODIFIER,PARP8
5,54944945,TA,T,intron_variant,MODIFIER,SLC38A9
5,56296567,G,GA,intergenic_region,MODIFIER,MIER3-GPBP1
5,56866066,T,TCTGTGTG,upstream_gene_variant,MODIFIER,LINCR-0003
5,61563107,AT,A,intergenic_region,MODIFIER,C5orf64-AS1-KIF2A
5,64732529,A,AAAACAAC,intron_variant,MODIFIER,ADAMTS6
5,72039356,CA,C,intergenic_region,MODIFIER,LINC02056-TNPO1
5,91385738,C,CT,intergenic_region,MODIFIER,ARRDC3-AS1-NR2F1-AS1
5,95978714,T,TGCCCTAGGTTACACA,intergenic_region,MODIFIER,LOC101929710-CAST
5,97534015,CA,C,intergenic_region,MODIFIER,LINC01846-RGMB
5,102824838,G,GA,intergenic_region,MODIFIER,C5orf30-LINC02115
5,108739774,AAAC,A,intron_variant,MODIFIER,PJA2
5,109073146,AT,A,intron_variant,MODIFIER,MAN2A1
5,112111309,TA,T,splice_region_variant&intron_variant,LOW,APC
5,112154544,C,CG,intron_variant,MODIFIER,APC
5,112163238,G,GT,intron_variant,MODIFIER,APC
5,112171269,ATT,A,intron_variant,MODIFIER,APC
5,112173106,T,TAGAA,intron_variant,MODIFIER,APC
5,118355316,C,CA,intron_variant,MODIFIER,LOC105379143
5,122447382,G,GA,intron_variant,MODIFIER,PRDM6
5,123892762,C,CAA,intergenic_region,MODIFIER,LINC01170-ZNF608
5,128464560,GT,G,intergenic_region,MODIFIER,ISOC1-MIR4460
5,131939960,CT,C,intron_variant,MODIFIER,RAD50
5,131973204,C,CT,downstream_gene_variant,MODIFIER,TH2LCRR
5,131973221,CTT,C,downstream_gene_variant,MODIFIER,TH2LCRR
5,131974177,AC,A,intron_variant,MODIFIER,RAD50
5,131979417,T,TGGG,3_prime_UTR_variant,MODIFIER,RAD50
5,143605115,TTGTG,T,intron_variant,MODIFIER,KCTD16
5,144127904,CTGTGTGTGTG,C,intergenic_region,MODIFIER,KCTD16-PRELID2
5,149092134,CTCTT,C,intergenic_region,MODIFIER,ARHGEF37-PPARGC1B
5,149801006,AT,A,intergenic_region,MODIFIER,CD74-RPS14
5,150494149,TG,T,intron_variant,MODIFIER,ANXA6
5,151144056,A,AAC,intergenic_region,MODIFIER,ATOX1-LOC100652758
5,158265899,A,AGCCAT,intron_variant,MODIFIER,EBF1
5,162845484,AT,A,intergenic_region,MODIFIER,GABRG2-CCNG1
5,166871303,T,TAC,intron_variant,MODIFIER,TENM2
5,167833971,AAG,A,intron_variant,MODIFIER,WWC1
5,171275948,A,ATTT,intergenic_region,MODIFIER,SMIM23-FBXW11
5,179355631,GT,G,intergenic_region,MODIFIER,TBC1D9B-RNF130
6,638967,C,CCT,intron_variant,MODIFIER,EXOC2
6,5779080,AC,A,intergenic_region,MODIFIER,FARS2-NRN1
6,6674654,CA,C,intergenic_region,MODIFIER,LY86-RREB1
6,17228006,TTGTTTTGTTTGTTC,T,intergenic_region,MODIFIER,STMND1-RBM24
6,19967704,CCTGG,C,intergenic_region,MODIFIER,ID4-MBOAT1
6,19967710,C,CACCT,intergenic_region,MODIFIER,ID4-MBOAT1
6,24638987,CAA,C,intron_variant,MODIFIER,KIAA0319
6,24979511,CTT,C,intron_variant,MODIFIER,RIPOR2
6,26657081,G,GA,intron_variant,MODIFIER,ZNF322
6,29666598,T,TA,intergenic_region,MODIFIER,ZFP57-HLA-F
6,33398941,GC,G,intron_variant,MODIFIER,SYNGAP1
6,33399031,T,TC,intron_variant,MODIFIER,SYNGAP1
6,34272611,CTTT,C,intron_variant,MODIFIER,NUDT3
6,36526604,C,CT,intergenic_region,MODIFIER,STK38-SRSF3
6,36860713,AT,A,intron_variant,MODIFIER,C6orf89
6,42669980,TAA,T,intron_variant,MODIFIER,PRPH2
6,43659753,ATTT,A,upstream_gene_variant,MODIFIER,MRPS18A
6,47667669,AC,A,downstream_gene_variant,MODIFIER,ADGRF2
6,52745809,CAAAAAAAAAAAAAAAA,C,intergenic_region,MODIFIER,GSTA5-GSTA3
6,81063594,ATAGT,A,intergenic_region,MODIFIER,BCKDHB-TENT5A
6,89143972,TG,T,intergenic_region,MODIFIER,CNR1-LOC101928936
6,96331015,A,ATAT,intergenic_region,MODIFIER,MANEA-FUT9
6,96331024,TAC,T,intergenic_region,MODIFIER,MANEA-FUT9
6,106694246,GTCTC,G,intron_variant,MODIFIER,ATG5
6,107428628,C,CTT,intron_variant,MODIFIER,BEND3
6,107434060,GAAAA,G,intron_variant,MODIFIER,BEND3
6,111524922,C,CAAATAAATAAAT,intron_variant,MODIFIER,SLC16A10
6,122418682,AAAAAAAAC,A,intergenic_region,MODIFIER,GJA1-HSF2
6,129669697,CT,C,intron_variant,MODIFIER,LAMA2
6,130380222,TA,T,intron_variant,MODIFIER,L3MBTL3
6,145424570,C,CA,intergenic_region,MODIFIER,UTRN-EPM2A
6,145424573,ATGTCAT,A,intergenic_region,MODIFIER,UTRN-EPM2A
6,146318609,A,AAGGG,intergenic_region,MODIFIER,SHPRH-GRM1
6,147809123,G,GCA,intergenic_region,MODIFIER,STXBP5-SAMD5
6,148041598,CAA,C,intergenic_region,MODIFIER,SAMD5-SASH1
6,148655289,GC,G,intron_variant,MODIFIER,SASH1
6,151536520,CA,C,intron_variant,MODIFIER,LOC102723831
6,154420553,AAG,A,intron_variant,MODIFIER,OPRM1
6,154420589,GAGAA,G,intron_variant,MODIFIER,OPRM1
6,154585816,ACTT,A,intron_variant,MODIFIER,IPCEF1
6,156580220,G,GTTTGT,intergenic_region,MODIFIER,MIR1202-SNORD28B
6,159889918,A,AAATG,intergenic_region,MODIFIER,LINC02529-SOD2
6,162521486,CT,C,intron_variant,MODIFIER,PRKN
6,162697722,GGT,G,intron_variant,MODIFIER,PRKN
6,163899919,T,TA,frameshift_variant&splice_region_variant,HIGH,QKI
6,165027514,ATGTGTG,A,intergenic_region,MODIFIER,LOC102724152-MEAT6
6,167632402,T,TGTGTGTG,intergenic_region,MODIFIER,TCP10L2-HPAT5
6,170854232,CAAA,C,intron_variant,MODIFIER,PSMB1
7,1804831,CA,C,intergenic_region,MODIFIER,ELFN1-MAD1L1
7,6026222,C,CTGA,intron_variant,MODIFIER,PMS2
7,6031804,GT,G,intron_variant,MODIFIER,PMS2
7,6036847,GA,G,intron_variant,MODIFIER,PMS2
7,6037057,GA,G,splice_region_variant&intron_variant,LOW,PMS2
7,6038620,CA,C,intron_variant,MODIFIER,PMS2
7,6043964,CTG,C,upstream_gene_variant,MODIFIER,AIMP2
7,6775132,G,GT,intron_variant,MODIFIER,PMS2CL
7,6786462,AT,A,intron_variant,MODIFIER,PMS2CL
7,13761331,C,CAAAAA,intergenic_region,MODIFIER,ARL4A-ETV1
7,20260389,CTT,C,upstream_gene_variant,MODIFIER,MACC1
7,23109211,CA,C,intergenic_region,MODIFIER,FAM126A-KLHL7-DT
7,25209802,CAT,C,intron_variant,MODIFIER,C7orf31
7,36760402,T,TG,intron_variant,MODIFIER,AOAH
7,36760404,C,CTCTGAGAGCAGGG,intron_variant,MODIFIER,AOAH
7,39881215,A,AT,intergenic_region,MODIFIER,LINC00265-LOC112267983
7,39881224,AT,A,intergenic_region,MODIFIER,LINC00265-LOC112267983
7,42289699,CA,C,intergenic_region,MODIFIER,GLI3-LINC01448
7,44823497,T,TG,intergenic_region,MODIFIER,ZMIZ2-PPIA
7,50478891,TC,T,intergenic_region,MODIFIER,IKZF1-FIGNL1
7,56430016,CA,C,intergenic_region,MODIFIER,NUPR2-LOC650226
7,56762167,GA,G,intergenic_region,MODIFIER,LOC101928401-LOC401357
7,61976270,CA,C,intergenic_region,MODIFIER,ZNF716-ZNF733P
7,66767623,TC,T,upstream_gene_variant,MODIFIER,PMS2P4
7,66903572,G,GA,intergenic_region,MODIFIER,LINC01372-LOC102723427
7,66903632,GGAGAGA,G,intergenic_region,MODIFIER,LINC01372-LOC102723427
7,67736884,AAAAT,A,intergenic_region,MODIFIER,LOC102723427-CT66
7,68359182,GT,G,intergenic_region,MODIFIER,LOC102723427-CT66
7,68999875,GT,G,intergenic_region,MODIFIER,LOC102723427-CT66
7,69000013,TA,T,intergenic_region,MODIFIER,LOC102723427-CT66
7,71194818,G,GA,intergenic_region,MODIFIER,GALNT17-CALN1
7,72210825,A,AGG,intron_variant,MODIFIER,TYW1B
7,72964974,GT,G,intron_variant,MODIFIER,BCL7B
7,74404528,C,CA,intergenic_region,MODIFIER,PMS2P5-RCC1L
7,75142141,GA,G,intron_variant,MODIFIER,PMS2P3
7,75446179,CAAAAA,C,upstream_gene_variant,MODIFIER,CCL24
7,76641287,AG,A,non_coding_transcript_exon_variant,MODIFIER,DTX2P1-UPK3BP1-PMS2P11
7,76669648,T,TATCTC,intron_variant,MODIFIER,PMS2P9
7,77543270,CT,C,intron_variant,MODIFIER,PHTF2
7,77543273,C,CT,intron_variant,MODIFIER,PHTF2
7,79998447,CA,C,downstream_gene_variant,MODIFIER,LOC101927269
7,82382239,AC,A,downstream_gene_variant,MODIFIER,PCLO
7,91956939,C,CT,intron_variant,MODIFIER,ANKIB1
7,93415828,CA,C,intergenic_region,MODIFIER,MIR4652-TFPI2
7,102232284,AT,A,intron_variant,MODIFIER,RASA4
7,105066779,G,GAA,intergenic_region,MODIFIER,SRPK2-PUS7
7,106931292,G,GGT,intron_variant,MODIFIER,COG5
7,110883570,AT,A,intron_variant,MODIFIER,IMMP2L
7,121786925,CA,C,upstream_gene_variant,MODIFIER,AASS
7,124466925,A,AAAAC,intron_variant,MODIFIER,POT1
7,124475296,TAAACA,T,intron_variant,MODIFIER,POT1
7,124620567,C,CT,intron_variant,MODIFIER,POT1-AS1
7,127453494,TTTG,T,intron_variant,MODIFIER,SND1
7,130937088,CTT,C,intron_variant,MODIFIER,MKLN1
7,131935810,CTT,C,intron_variant,MODIFIER,PLXNA4
7,133882840,GT,G,intron_variant,MODIFIER,LRGUK
7,142418765,T,TGTAAG,intergenic_region,MODIFIER,MTRNR2L6-PRSS1
7,142827470,C,CA,upstream_gene_variant,MODIFIER,PIP
7,145593009,TC,T,intergenic_region,MODIFIER,TPK1-CNTNAP2
7,151003767,CAA,C,intergenic_region,MODIFIER,SMARCD3-NUB1
7,152345498,GA,G,3_prime_UTR_variant,MODIFIER,XRCC2
7,156638348,AT,A,intron_variant,MODIFIER,LMBR1
7,156781018,TG,T,intergenic_region,MODIFIER,NOM1-MNX1
8,5409232,T,TTCTCTCTCTC,intergenic_region,MODIFIER,CSMD1-LOC100287015
8,6245962,G,GT,intergenic_region,MODIFIER,CSMD1-LOC100287015
8,6488990,CA,C,intron_variant,MODIFIER,MCPH1
8,17947397,C,CT,upstream_gene_variant,MODIFIER,ASAH1
8,31056128,AT,A,intergenic_region,MODIFIER,WRN-NRG1
8,35872668,TAA,T,intergenic_region,MODIFIER,UNC5D-KCNU1
8,39975685,C,CT,intergenic_region,MODIFIER,IDO2-TCIM
8,41915769,CA,C,intron_variant,MODIFIER,LOC105379393
8,42258720,C,CT,intron_variant,MODIFIER,VDAC3
8,43005977,AAAAT,A,intron_variant,MODIFIER,HGSNAT
8,46849437,GA,G,intergenic_region,MODIFIER,POTEA-ASNSP1
8,49096747,CA,C,intergenic_region,MODIFIER,UBE2V2-LOC101929268
8,52123707,AG,A,intergenic_region,MODIFIER,SNTG1-PXDNL
8,54933831,TG,T,intron_variant,MODIFIER,TCEA1
8,55793807,TA,T,intergenic_region,MODIFIER,RP1-XKR4
8,56930622,T,TCA,downstream_gene_variant,MODIFIER,LYN
8,57005500,GT,G,intergenic_region,MODIFIER,CERNA3-MOS
8,64024057,C,CA,intergenic_region,MODIFIER,TTPA-YTHDF3-AS1
8,70579522,AAC,A,3_prime_UTR_variant,MODIFIER,SLCO5A1
8,73921283,CGAG,C,disruptive_inframe_deletion,MODERATE,TERF1
8,73921534,G,GGAGGTCGGGAGA,intron_variant,MODIFIER,TERF1
8,73926478,TAA,T,intron_variant,MODIFIER,TERF1
8,74866886,CAAAA,C,intron_variant,MODIFIER,ELOC
8,85787777,T,TAAGA,intron_variant,MODIFIER,RALYL
8,90955266,C,CT,intron_variant,MODIFIER,NBN
8,90982477,CA,C,intron_variant,MODIFIER,NBN
8,91871208,CA,C,intron_variant,MODIFIER,NECAB1
8,92696150,T,TA,intergenic_region,MODIFIER,SLC26A7-RUNX1T1
8,100730899,CT,C,intron_variant,MODIFIER,VPS13B
8,103454764,CTTT,C,intergenic_region,MODIFIER,UBR5-ODF1
8,104551219,CT,C,intron_variant,MODIFIER,RIMS2
8,108690230,A,AG,intergenic_region,MODIFIER,ANGPT1-RSPO2
8,114915745,C,CAAA,intergenic_region,MODIFIER,CSMD3-TRPS1
8,115624633,G,GA,intergenic_region,MODIFIER,CSMD3-TRPS1
8,115952020,CAAAAA,C,intergenic_region,MODIFIER,CSMD3-TRPS1
8,121033383,C,CGCCT,intron_variant,MODIFIER,DEPTOR
8,121230499,CTA,C,intron_variant,MODIFIER,COL14A1
8,121230548,CAT,C,intron_variant,MODIFIER,COL14A1
8,125597660,CT,C,intron_variant,MODIFIER,MTSS1
8,131385211,CACAG,C,intron_variant,MODIFIER,ASAP1
8,134269525,T,TAC,intron_variant,MODIFIER,NDRG1
8,139074127,T,TA,intron_variant,MODIFIER,LOC401478
8,145520609,T,TG,intron_variant,MODIFIER,HSF1
9,4827731,AGTGT,A,intron_variant,MODIFIER,RCL1
9,4827761,C,CGTGTGT,intron_variant,MODIFIER,RCL1
9,11406128,A,AT,intergenic_region,MODIFIER,PTPRD-AS2-TYRP1
9,16607116,TA,T,intron_variant,MODIFIER,BNC2
9,21993798,CTGTGTG,"C,CTG",upstream_gene_variant,MODIFIER,CDKN2B-AS1
9,29013388,G,GT,intron_variant,MODIFIER,LINGO2
9,29306808,TA,T,intergenic_region,MODIFIER,LINGO2-LINC01242
9,33674343,CT,C,upstream_gene_variant,MODIFIER,PTENP1-AS
9,33675364,T,TA,upstream_gene_variant,MODIFIER,PTENP1-AS
9,33677007,TGCC,T,upstream_gene_variant,MODIFIER,PTENP1-AS
9,33677110,A,AC,upstream_gene_variant,MODIFIER,PTENP1-AS
9,33677168,T,TC,upstream_gene_variant,MODIFIER,PTENP1-AS
9,33677349,GT,G,non_coding_transcript_exon_variant,MODIFIER,PTENP1
9,33677383,G,GGCCGCC,non_coding_transcript_exon_variant,MODIFIER,PTENP1
9,37460891,GA,G,intron_variant,MODIFIER,ZBTB5
9,66271052,GA,G,intergenic_region,MODIFIER,SPATA31A5-LINC01410
9,66486004,AG,A,downstream_gene_variant,MODIFIER,LOC100132249
9,74738101,CTT,C,intron_variant,MODIFIER,GDA
9,75838575,GC,G,intergenic_region,MODIFIER,ANXA1-LOC101927358
9,84888966,G,GAAAAC,intergenic_region,MODIFIER,SPATA31D1-RASEF
9,86345691,CT,C,intergenic_region,MODIFIER,LOC105376114-GKAP1
9,86345693,GTAATCCCAGTACTTCA,G,intergenic_region,MODIFIER,LOC105376114-GKAP1
9,86345712,AGGCCAG,A,intergenic_region,MODIFIER,LOC105376114-GKAP1
9,86345719,TAC,T,intergenic_region,MODIFIER,LOC105376114-GKAP1
9,99258675,T,TACC,downstream_gene_variant,MODIFIER,CDC14B
9,100349849,GTTTT,G,intron_variant,MODIFIER,TMOD1
9,102147897,GTTTCT,G,intergenic_region,MODIFIER,NAMA-LOC101928438
9,102261065,ACAGCTCCCAGCGT,A,intergenic_region,MODIFIER,NAMA-LOC101928438
9,105047444,CA,C,intergenic_region,MODIFIER,GRIN3A-LINC00587
9,106131646,C,CATAT,intergenic_region,MODIFIER,LINC01492-LOC101928523
9,107363468,G,GTATT,upstream_gene_variant,MODIFIER,OR13C5
9,112787679,CT,C,intron_variant,MODIFIER,PALM2AKAP2
9,117959462,AACACACACAC,A,intron_variant,MODIFIER,DEC1
9,119217985,TA,T,intron_variant,MODIFIER,ASTN2
9,124286118,A,AT,intergenic_region,MODIFIER,GGTA1P-DAB2IP
9,125121094,AT,A,intergenic_region,MODIFIER,MRRF-PTGS1
9,127346375,CTTTTTTT,C,intron_variant,MODIFIER,NR6A1
9,128947087,G,GAAC,intergenic_region,MODIFIER,PBX3-LOC101929116
9,130383696,CAAAA,C,intron_variant,MODIFIER,STXBP1
9,132293727,CGGGCT,C,intergenic_region,MODIFIER,LINC00963-NTMT1
9,133444928,T,TCAAA,intergenic_region,MODIFIER,ASS1-LOC100272217
9,138316884,C,CAG,intergenic_region,MODIFIER,C9orf62-PPP1R26-AS1
10,3024396,TAA,T,intergenic_region,MODIFIER,LINC02645-LOC101927824
10,7783136,GT,G,intron_variant,MODIFIER,ITIH2
10,8958712,CAG,C,downstream_gene_variant,MODIFIER,LINC02676
10,10042666,C,CGTGT,intergenic_region,MODIFIER,LOC101928272-LINC02670
10,13368473,CA,C,intron_variant,MODIFIER,SEPHS1
10,13880500,CT,C,intron_variant,MODIFIER,FRMD4A
10,16708240,G,GAACT,intron_variant,MODIFIER,RSU1
10,23836474,A,AT,intergenic_region,MODIFIER,OTUD1-KIAA1217
10,24952460,CTAT,C,intron_variant,MODIFIER,ARHGAP21
10,26082640,CA,C,intergenic_region,MODIFIER,LINC00836-LOC101929073
10,28425144,GTAA,G,intron_variant,MODIFIER,MPP7
10,31106093,TG,T,intergenic_region,MODIFIER,LINC02644-ZNF438
10,31106138,GAAAACAAAAC,G,intergenic_region,MODIFIER,LINC02644-ZNF438
10,32532068,CTT,C,intergenic_region,MODIFIER,KIF5B-EPC1
10,35559656,CTT,C,intron_variant,MODIFIER,CCNY
10,42861255,CT,C,intron_variant,MODIFIER,LOC441666
10,43415709,T,TACA,intergenic_region,MODIFIER,LINC02623-LINC01264
10,47150847,T,TAA,intron_variant,MODIFIER,LINC00842
10,55128267,TTG,T,intergenic_region,MODIFIER,MBL2-PCDH15
10,55327405,G,GT,intergenic_region,MODIFIER,MBL2-PCDH15
10,55327472,CAT,C,intergenic_region,MODIFIER,MBL2-PCDH15
10,62170590,A,AT,intron_variant,MODIFIER,ANK3
10,63305259,T,TA,intergenic_region,MODIFIER,TMEM26-AS1-CABCOCO1
10,64885857,AT,A,intergenic_region,MODIFIER,EGR2-NRBF2
10,71513538,C,CA,intergenic_region,MODIFIER,FAM241B-COL13A1
10,81644630,TACAC,T,intergenic_region,MODIFIER,NUTM2E-BMS1P21
10,88635475,TA,T,intron_variant,MODIFIER,BMPR1A
10,88660182,CT,C,intron_variant,MODIFIER,BMPR1A
10,88676749,CA,C,intron_variant,MODIFIER,BMPR1A
10,88679356,TG,T,intron_variant,MODIFIER,BMPR1A
10,89623860,CT,C,splice_acceptor_variant&splice_donor_variant&intron_variant,HIGH,PTEN
